365	ein	Mann
304	ein	Mensch
295	ein	Stück
282	ein	Wort
204	ein	Kind
150	ein	Ende
128	ein	Ding
112	ein	Weib
107	ein	Traum
106	ein	Zeichen
106	ein	Gefühl
104	ein	Buch
100	ein	Gegenstand
96	ein	Bild
91	ein	Jahr
89	ein	Teil
89	ein	Glas
87	ein	Wunder
82	ein	Paar
77	ein	Mädchen
76	ein	Haus
74	ein	Glück
71	ein	Lächeln
71	ein	Anderes
69	ein	Wesen
68	ein	Gespräch
64	ein	Leben
61	ein	Recht
61	ein	Mittel
61	Ein	Mann
60	ein	Gott
59	ein	Lied
58	ein	Gedanke
58	ein	Beispiel
57	ein	Tag
57	ein	Licht
57	ein	Die
55	ein	Pferd
55	ein	Herr
55	ein	Gesicht
53	ein	Herz
51	ein	Unglück
51	ein	Freund
49	ein	Weilchen
49	ein	Vergnügen
49	ein	Ich
48	ein	Vermögen
48	ein	Spiel
48	ein	Objekt
47	ein	Loch
46	ein	Volk
46	ein	Knabe
46	ein	Er
45	ein	Hund
43	ein	Ganzes
42	ein	Tier
42	ein	König
42	ein	Fürst
41	ein	Engel
41	ein	Christ
41	ein	Auge
40	ein	Bein
40	ein	Begriff
39	ein	Gesetz
38	ein	Vogel
38	ein	Unterschied
38	ein	Blatt
37	ein	Verhältnis
37	ein	Stückchen
37	ein	Sie
37	ein	Sein
37	ein	Glied
37	ein	Der
37	ein	Brief
36	ein	Geheimnis
36	ein	Fenster
36	ein	Dasein
35	ein	System
33	ein	Zimmer
33	ein	Urteil
33	ein	Schatten
33	ein	Gespenst
33	ein	Etwas
33	ein	Es
32	ein	Schiff
32	ein	Narr
32	ein	Beweis
31	ein	Märchen
31	ein	Geist
31	ein	Augenblick
30	ein	Ziel
30	ein	Wenig
30	ein	Moment
30	ein	Geschenk
30	Ein	Mensch
29	ein	Werk
29	ein	Leid
28	ein	Messer
27	ein	Fremder
27	ein	Fest
27	ein	Baum
27	ein	Ausdruck
27	Ein	Traum
26	ein	Und
26	ein	Stein
26	ein	Sohn
26	ein	Schuß
26	ein	Papier
26	ein	Irrtum
26	ein	Das
26	Ein	Weib
25	ein	Stern
25	ein	Opfer
25	ein	Meer
25	ein	Junge
25	ein	Ideal
24	ein	Schauer
24	ein	Problem
24	ein	Nichts
24	ein	Feuer
24	ein	Dutzend
24	ein	Blitz
23	ein	Wir
23	ein	Offizier
23	ein	Ja
23	ein	Held
22	ein	Unsinn
22	ein	Satz
22	ein	Name
22	ein	Aber
21	ein	Wissen
21	ein	Verbrechen
21	ein	Uhr
21	ein	Land
20	ein	Schicksal
20	ein	Lachen
20	ein	Künstler
20	ein	Interesse
20	ein	Hindernis
20	ein	Ereignis
20	ein	Diener
20	ein	Dichter
20	ein	Deutscher
19	ein	Schloß
19	ein	Prädikat
19	ein	Prinzipium
19	ein	Mal
19	ein	Kampf
19	ein	Hadschi
19	ein	Geräusch
19	ein	Genüge
19	ein	Feind
19	ein	Ei
19	ein	Denkmal
19	ein	Boot
18	ein	Zug
18	ein	Weg
18	ein	Was
18	ein	Wagen
18	ein	Tor
18	ein	Telegramm
18	ein	Samana
18	ein	Heiliger
18	ein	Giaur
18	ein	Gedicht
18	ein	Fall
17	ein	Zweifel
17	ein	Zustand
17	ein	Wunsch
17	ein	Viertel
17	ein	Versuch
17	ein	Priester
17	ein	Pfeil
17	ein	Jude
17	ein	Haar
17	ein	Genie
17	ein	Frauenzimmer
17	ein	Dieb
17	ein	Blick
17	ein	Bewußtsein
17	Ein	Teil
17	Ein	Stück
17	Ein	Mal
17	Ein	Kind
16	ein	Widerspruch
16	ein	Wichtelmännchen
16	ein	Soldat
16	ein	Ort
16	ein	Mannigfaltiges
16	ein	Hauch
16	ein	Grab
16	ein	Geschäft
16	ein	Gebäude
16	ein	Bauer
16	Ein	Glück
15	ein	Zufall
15	ein	Unteroffizier
15	ein	Sturm
15	ein	Ritter
15	ein	Rad
15	ein	Prinzip
15	ein	Körper
15	ein	Kerl
15	ein	Jüngling
15	ein	Haufen
15	ein	Fehler
15	ein	Ein
15	ein	Dach
15	ein	Als
15	Ein	Zimmer
15	Ein	Wunder
15	Ein	Mädchen
15	Ein	Fürst
14	ein	Übel
14	ein	Wille
14	ein	Werkzeug
14	ein	Trost
14	ein	Toter
14	ein	So
14	ein	Schüler
14	ein	Raum
14	ein	Punkt
14	ein	Produkt
14	ein	Philosoph
14	ein	Mörder
14	ein	Kreuz
14	ein	Kanon
14	ein	Jeder
14	ein	Individuum
14	ein	Gläschen
14	ein	Gewitter
14	ein	Gebet
14	ein	Erkenntnis
14	ein	Da
14	ein	Brunnen
14	ein	Berg
14	ein	Anfang
14	ein	Am
14	Ein	Wort
14	Ein	Buch
13	ein	Ungläubiger
13	ein	Teufel
13	ein	Spiegel
13	ein	Sieg
13	ein	See
13	ein	Schrei
13	ein	Mangel
13	ein	Leutnant
13	ein	Jammer
13	ein	Gut
13	ein	Genuß
13	ein	Billet
13	ein	Allgemeines
12	ein	Tun
12	ein	Trupp
12	ein	Tropfen
12	ein	Theater
12	ein	Strom
12	ein	Segen
12	ein	Schwein
12	ein	Schauspiel
12	ein	Rätsel
12	ein	Rest
12	ein	Quantum
12	ein	Lager
12	ein	Grund
12	ein	Greuel
12	ein	Greis
12	ein	Geschöpf
12	ein	Garten
12	ein	Fremdling
12	ein	Fremdes
12	ein	Fortschritt
12	ein	Feigling
12	ein	Erlebnis
12	ein	Edelmann
12	ein	Drittes
12	ein	Drittel
12	ein	Bote
12	ein	Bad
12	ein	Arzt
12	ein	Affe
12	Ein	Jahr
12	Ein	Blick
11	ein	Wind
11	ein	Wald
11	ein	Tisch
11	ein	Schwarm
11	ein	Schmerz
11	ein	Schein
11	ein	Kreis
11	ein	Jäger
11	ein	Jahrhundert
11	ein	In
11	ein	Glanz
11	ein	Gemisch
11	ein	Gelehrter
11	ein	Fräulein
11	ein	Fisch
11	ein	Esel
11	ein	Du
11	ein	Dorf
11	ein	Bruder
11	ein	Bett
11	ein	Bekannter
11	ein	An
11	ein	Aggregat
11	ein	Abenteuer
11	Ein	Gedanke
10	ein	Wie
10	ein	Versprechen
10	ein	Unrecht
10	ein	Thema
10	ein	Streit
10	ein	Sprung
10	ein	Schwert
10	ein	Schreiben
10	ein	Schelm
10	ein	Schatz
10	ein	Ring
10	ein	Recke
10	ein	Quell
10	ein	Plätzchen
10	ein	Krieg
10	ein	Knie
10	ein	Kleid
10	ein	Kaufmann
10	ein	Jenseits
10	ein	Inbegriff
10	ein	Heer
10	ein	Hase
10	ein	Grundsatz
10	ein	Grauen
10	ein	Graf
10	ein	Geschrei
10	ein	Geschlecht
10	ein	Gefangener
10	ein	Fuchs
10	ein	Flüstern
10	ein	Engländer
10	ein	Bedürfnis
10	ein	Arbeiter
10	ein	Araber
10	Ein	Tag
10	Ein	Herr
10	Ein	Ding
10	Ein	Diener
9	ein	Übergang
9	ein	Zittern
9	ein	Wenn
9	ein	Weiser
9	ein	Vorzug
9	ein	Verfahren
9	ein	Verdienst
9	ein	Um
9	ein	Spielzeug
9	ein	Selbstbewußtsein
9	ein	Schaf
9	ein	Rückgang
9	ein	Rabe
9	ein	Prinz
9	ein	Platz
9	ein	Paket
9	ein	Ohr
9	ein	Nein
9	ein	Mit
9	ein	Meister
9	ein	Liedchen
9	ein	Liebhaber
9	ein	Kunstwerk
9	ein	Kopf
9	ein	Kamel
9	ein	Irrthum
9	ein	Instrument
9	ein	Inhalt
9	ein	Gleichnis
9	ein	Geschoß
9	ein	Gefäß
9	ein	Für
9	ein	Fläschchen
9	ein	Fluch
9	ein	Erwachsener
9	ein	Denken
9	ein	Dann
9	Ein	Offizier
9	Ein	Gefühl
9	Ein	Freund
9	Ein	Bild
8	ein	Zucken
8	ein	Wolf
8	ein	Vergehen
8	ein	Verbrecher
8	ein	Vater
8	ein	Türke
8	ein	Tänzer
8	ein	Typus
8	ein	Tuch
8	ein	Talent
8	ein	Symbol
8	ein	Subjekt
8	ein	Räuber
8	ein	Reiter
8	ein	Regressus
8	ein	Paradies
8	ein	Netz
8	ein	Negatives
8	ein	Moslem
8	ein	Mißverständnis
8	ein	Man
8	ein	Malheur
8	ein	Maler
8	ein	Löwe
8	ein	Kompliment
8	ein	Kloster
8	ein	Gewissen
8	ein	Geschehen
8	ein	Gemälde
8	ein	Gegner
8	ein	Führer
8	ein	Element
8	ein	Einsiedler
8	ein	Dunkles
8	ein	Duft
8	ein	Dritter
8	ein	Donnerschlag
8	ein	Denker
8	ein	Bürger
8	ein	Bund
8	ein	Bu
8	ein	Bach
8	ein	Angriff
8	ein	Amt
8	Ein	Volk
8	Ein	Paar
8	Ein	Mittel
7	ein	Zweig
7	ein	Zettel
7	ein	Zelt
7	ein	Wurm
7	ein	Widerstreit
7	ein	Wanderer
7	ein	Vorteil
7	ein	Vorrecht
7	ein	Ton
7	ein	Stündchen
7	ein	Spion
7	ein	Spaziergang
7	ein	Solcher
7	ein	Schwanz
7	ein	Schurke
7	ein	Schlag
7	ein	Schimmer
7	ein	Riese
7	ein	Rasender
7	ein	Preuße
7	ein	Phänomen
7	ein	Nun
7	ein	Nebel
7	ein	Muster
7	ein	Mißtrauen
7	ein	Meisterstück
7	ein	Maß
7	ein	Mahl
7	ein	Lügner
7	ein	Lob
7	ein	Laster
7	ein	Kästchen
7	ein	Kranker
7	ein	Kleines
7	ein	Heft
7	ein	Hauptmann
7	ein	Handwerk
7	ein	Gewicht
7	ein	Gewehr
7	ein	Gerücht
7	ein	Gericht
7	ein	Geldstück
7	ein	Gegensatz
7	ein	Gefecht
7	ein	Gedränge
7	ein	Frühstück
7	ein	Fahrzeug
7	ein	Einfall
7	ein	Duell
7	ein	Degen
7	ein	Bündel
7	ein	Bub
7	ein	Brausen
7	ein	Bogen
7	ein	Blättchen
7	ein	Bißchen
7	ein	Besuch
7	ein	Auch
7	ein	Analogon
7	ein	Alter
7	ein	Almosen
7	ein	Abgrund
7	Ein	Soldat
7	Ein	Lächeln
7	Ein	Leben
7	Ein	Jüngling
7	Ein	Geist
6	ein	Zusammenhang
6	ein	Zeugnis
6	ein	Zettelchen
6	ein	Zaun
6	ein	Windstoß
6	ein	Wiedersehen
6	ein	Weh
6	ein	Vöglein
6	ein	Vorwurf
6	ein	Vorgang
6	ein	Vorbild
6	ein	Verwandter
6	ein	Versteck
6	ein	Träumer
6	ein	Triangel
6	ein	Theil
6	ein	Sturmwind
6	ein	Stier
6	ein	Splitter
6	ein	Spaß
6	ein	Sonderfall
6	ein	Sich
6	ein	Seufzer
6	ein	Segel
6	ein	Schwanken
6	ein	Schritt
6	ein	Schrecken
6	ein	Schmetterling
6	ein	Schluß
6	ein	Schild
6	ein	Scherz
6	ein	Schema
6	ein	Schauder
6	ein	Ruf
6	ein	Reiz
6	ein	Reich
6	ein	Rauch
6	ein	Päckchen
6	ein	Publikum
6	ein	Organ
6	ein	Obdach
6	ein	Nichtsein
6	ein	Nest
6	ein	Motiv
6	ein	Monat
6	ein	Merkmal
6	ein	Matrose
6	ein	Magnet
6	ein	Liebling
6	ein	Liebender
6	ein	Lehrer
6	ein	Körbchen
6	ein	Knopf
6	ein	Knecht
6	ein	Kenner
6	ein	Hügel
6	ein	Häuflein
6	ein	Helles
6	ein	Hekim
6	ein	Grübchen
6	ein	Gleichniss
6	ein	Gleiches
6	ein	Giölgeda
6	ein	Gewirr
6	ein	Gewand
6	ein	Gelächter
6	ein	Gast
6	ein	Frosch
6	ein	Fluß
6	ein	Flugzeug
6	ein	Floß
6	ein	Fingerzeig
6	ein	Faß
6	ein	Erstes
6	ein	Erfolg
6	ein	Entstehen
6	ein	Emir
6	ein	Diner
6	ein	Den
6	ein	Daß
6	ein	Coupé
6	ein	Chinese
6	ein	Charakter
6	ein	Bösewicht
6	ein	Bär
6	ein	Bruch
6	ein	Bildnis
6	ein	Bilderbuch
6	ein	Bataillon
6	ein	Ausweg
6	ein	Arm
6	ein	Anfänger
6	ein	Anders
6	ein	Adler
6	Ein	Versuch
6	Ein	Tropfen
6	Ein	Schuß
6	Ein	Schauer
6	Ein	Pferd
6	Ein	Licht
6	Ein	Giaur
6	Ein	Fall
6	Ein	Begriff
6	Ein	Augenblick
5	ein	Zusammengesetztes
5	ein	Zigeuner
5	ein	Zauber
5	ein	Witz
5	ein	Wirtshaus
5	ein	Wink
5	ein	Wer
5	ein	Weibsbild
5	ein	Wasserfall
5	ein	Wasser
5	ein	Vorzimmer
5	ein	Vieh
5	ein	Verhör
5	ein	Verführer
5	ein	Tyrann
5	ein	Trinkgeld
5	ein	Thal
5	ein	Taschentuch
5	ein	Symptom
5	ein	Stuhl
5	ein	Stich
5	ein	Springbrunnen
5	ein	Sonnenstrahl
5	ein	Sonderling
5	ein	Sklave
5	ein	Seil
5	ein	Seher
5	ein	Schweigen
5	ein	Schwachkopf
5	ein	Schriftsteller
5	ein	Schreiber
5	ein	Schluchzen
5	ein	Schauspieler
5	ein	Schaffender
5	ein	Russe
5	ein	Rausch
5	ein	Raub
5	ein	Pilger
5	ein	Pfand
5	ein	Perser
5	ein	Original
5	ein	Nothschrei
5	ein	Nicht
5	ein	Nemtsche
5	ein	Neger
5	ein	Nachtwandler
5	ein	Nach
5	ein	Mädel
5	ein	Mysterium
5	ein	Monument
5	ein	Mitglied
5	ein	Menschenleben
5	ein	Mein
5	ein	Medaillon
5	ein	Maschinengewehr
5	ein	Manöver
5	ein	Lamm
5	ein	Köpfchen
5	ein	Korb
5	ein	Konglomerat
5	ein	Komödiant
5	ein	Knochen
5	ein	Klang
5	ein	Kissen
5	ein	Kamerad
5	ein	Kaiser
5	ein	Ihr
5	ein	Hündchen
5	ein	Horn
5	ein	Hirt
5	ein	Hier
5	ein	Hemmnis
5	ein	Heilmittel
5	ein	Heiligtum
5	ein	Haufe
5	ein	Hahn
5	ein	Hagel
5	ein	Gutes
5	ein	Gift
5	ein	Getöse
5	ein	Geständnis
5	ein	Gesang
5	ein	Geld
5	ein	Funke
5	ein	Franke
5	ein	Feld
5	ein	Experiment
5	ein	Europäer
5	ein	Erzeugnis
5	ein	Einwand
5	ein	Eichhörnchen
5	ein	Echo
5	ein	Dreieck
5	ein	Drama
5	ein	Donnerwetter
5	ein	Doch
5	ein	Chor
5	ein	Bündnis
5	ein	Bruchteil
5	ein	Brahmane
5	ein	Bischof
5	ein	Betrunkener
5	ein	Bestehen
5	ein	Berliner
5	ein	Bekenntnis
5	ein	Beil
5	ein	Bedienter
5	ein	Auto
5	ein	Anhänger
5	ein	Andrer
5	ein	Anderer
5	ein	Akt
5	Ein	Wesen
5	Ein	Weg
5	Ein	Viertel
5	Ein	Thor
5	Ein	Spiel
5	Ein	Schlag
5	Ein	Saal
5	Ein	Narr
5	Ein	Messer
5	Ein	Gott
5	Ein	Geschoß
5	Ein	Fremder
5	Ein	Engel
5	Ein	Ende
5	Ein	Bürger
5	Ein	Bruder
5	Ein	Arzt
4	ein	Übermaß
4	ein	Zündholz
4	ein	Zutrauen
4	ein	Zur
4	ein	Zeuge
4	ein	Zeitungsblatt
4	ein	Zauberer
4	ein	Wächter
4	ein	Wo
4	ein	Wirbelwind
4	ein	Winkel
4	ein	Weinen
4	ein	Wechsel
4	ein	Wahnsinniger
4	ein	Wagnis
4	ein	Viertelstündchen
4	ein	Verstand
4	ein	Versehen
4	ein	Verräter
4	ein	Vernichter
4	ein	Verlust
4	ein	Verlangen
4	ein	Verbot
4	ein	Ungeheuer
4	ein	Unfall
4	ein	Unbedingtes
4	ein	Umstand
4	ein	Trieb
4	ein	Topf
4	ein	Tod
4	ein	Tiger
4	ein	Thor
4	ein	Thier
4	ein	Testament
4	ein	Tempelherr
4	ein	Tanz
4	ein	Stümper
4	ein	Stöhnen
4	ein	Studium
4	ein	Student
4	ein	Strich
4	ein	Strahl
4	ein	Staatsmann
4	ein	Spott
4	ein	Sperling
4	ein	Speer
4	ein	Souper
4	ein	Sofa
4	ein	Skandal
4	ein	Sinnesorgan
4	ein	Sinnbild
4	ein	Sinn
4	ein	Sieb
4	ein	Seiendes
4	ein	Schöpfer
4	ein	Schwindel
4	ein	Schuhu
4	ein	Schrecknis
4	ein	Schnippchen
4	ein	Schluck
4	ein	Schattenbild
4	ein	Satyr
4	ein	Sachse
4	ein	Saal
4	ein	Ruder
4	ein	Roman
4	ein	Resultat
4	ein	Rendezvous
4	ein	Reisender
4	ein	Reh
4	ein	Regiment
4	ein	Rechtgläubiger
4	ein	Raubtier
4	ein	Ragout
4	ein	Programm
4	ein	Posten
4	ein	Pfund
4	ein	Pfau
4	ein	Pfahl
4	ein	Pergament
4	ein	Pascha
4	ein	Pantheon
4	ein	Palast
4	ein	Organon
4	ein	Oberst
4	ein	Oberleutnant
4	ein	Nutzen
4	ein	Nonnen
4	ein	Nilpferd
4	ein	Nemsi
4	ein	Neffe
4	ein	Nachtlager
4	ein	Nachbar
4	ein	Montague
4	ein	Menschenalter
4	ein	Mamur
4	ein	Major
4	ein	Magazin
4	ein	Lüftchen
4	ein	Lärm
4	ein	Luxus
4	ein	Lump
4	ein	Liter
4	ein	Liebesverhältnis
4	ein	Liebespaar
4	ein	Lichtstrahl
4	ein	Lichtschein
4	ein	Leides
4	ein	Leiden
4	ein	Lebendiges
4	ein	Laut
4	ein	Labyrinth
4	ein	Kuvert
4	ein	Kutscher
4	ein	Kunststück
4	ein	Kundiger
4	ein	Kollege
4	ein	Kochgeschirr
4	ein	Klopfen
4	ein	Kirchhof
4	ein	Kindlein
4	ein	Kinderspielzeug
4	ein	Kinderspiel
4	ein	Kavalier
4	ein	Kapital
4	ein	Kaninchen
4	ein	Itzt
4	ein	Irrlicht
4	ein	Inneres
4	ein	Im
4	ein	Häuschen
4	ein	Hof
4	ein	Hoch
4	ein	Heil
4	ein	Heide
4	ein	Graus
4	ein	Goldstück
4	ein	Glücklicher
4	ein	Gläubiger
4	ein	Gewimmel
4	ein	Gewebe
4	ein	Geschwätz
4	ein	Geruch
4	ein	Geringes
4	ein	Gentleman
4	ein	Geldgeschenk
4	ein	Geizhals
4	ein	Geier
4	ein	Gebot
4	ein	Gebirge
4	ein	Gebilde
4	ein	Gang
4	ein	Fährmann
4	ein	Fuß
4	ein	Fragezeichen
4	ein	Fortgang
4	ein	Flügel
4	ein	Flieger
4	ein	Feuerwerk
4	ein	Feldwebel
4	ein	Faktum
4	ein	Examen
4	ein	Ersatz
4	ein	Ergebnis
4	ein	Erbteil
4	ein	Erbstück
4	ein	Erbe
4	ein	Entzücken
4	ein	Entsetzen
4	ein	Ekel
4	ein	Eisklumpen
4	ein	Einsehen
4	ein	Eindruck
4	ein	Ehrenmann
4	ein	Effendi
4	ein	Eckchen
4	ein	Dummkopf
4	ein	Doktor
4	ein	Diese
4	ein	Diederich
4	ein	Diadem
4	ein	Derwisch
4	ein	Denn
4	ein	Christenmensch
4	ein	Büschel
4	ein	Bräutigam
4	ein	Brevier
4	ein	Brett
4	ein	Born
4	ein	Bordell
4	ein	Blitzstrahl
4	ein	Billett
4	ein	Bier
4	ein	Bettler
4	ein	Betrüger
4	ein	Betrug
4	ein	Bedenken
4	ein	Band
4	ein	Ball
4	ein	Ausfluß
4	ein	Auf
4	ein	Askari
4	ein	Anlaß
4	ein	Anker
4	ein	Anhängsel
4	ein	Anfall
4	ein	Anderssein
4	ein	Andenken
4	ein	Alles
4	ein	Adjutant
4	ein	Abend
4	ein	Abbild
4	Ein	Zweifel
4	Ein	Wenig
4	Ein	Tempelherr
4	Ein	Stündchen
4	Ein	Stückchen
4	Ein	Strahl
4	Ein	Schloß
4	Ein	Roman
4	Ein	Prinz
4	Ein	Philosoph
4	Ein	Nebel
4	Ein	Lied
4	Ein	Künstler
4	Ein	Körper
4	Ein	König
4	Ein	Kammerdiener
4	Ein	Hund
4	Ein	Greis
4	Ein	Franzose
4	Ein	Fluß
4	Ein	Feuer
4	Ein	Dritter
4	Ein	Beispiel
4	Ein	Adler
3	ein	Übrigens
3	ein	Äußeres
3	ein	Zyniker
3	ein	Zwist
3	ein	Zwergenmützchen
3	ein	Zwei
3	ein	Zweck
3	ein	Zwang
3	ein	Zufluchtsort
3	ein	Zu
3	ein	Zirkel
3	ein	Zeisig
3	ein	Zahn
3	ein	Würgen
3	ein	Wörtchen
3	ein	Wölkchen
3	ein	Während
3	ein	Wurf
3	ein	Wollen
3	ein	Wirth
3	ein	Widerstand
3	ein	Weinstock
3	ein	Weihnachtslied
3	ein	Wahrsager
3	ein	Wachtposten
3	ein	Vorwand
3	ein	Vorurtheil
3	ein	Vorurteil
3	ein	Vorschlag
3	ein	Vorhang
3	ein	Vor
3	ein	Von
3	ein	Virtuos
3	ein	Vierter
3	ein	Vierteljahrhundert
3	ein	Vetter
3	ein	Verzeichnis
3	ein	Verweis
3	ein	Vertreter
3	ein	Verständnis
3	ein	Verstandesbegriff
3	ein	Verschwinden
3	ein	Vers
3	ein	Verkehr
3	ein	Vaterunser
3	ein	Urtheil
3	ein	Unwetter
3	ein	Unterpfand
3	ein	Unikum
3	ein	Unding
3	ein	Umsturz
3	ein	Uhrwerk
3	ein	U
3	ein	Turm
3	ein	Tunnel
3	ein	Trümmerhaufen
3	ein	Träumender
3	ein	Träger
3	ein	Trunkener
3	ein	Trinker
3	ein	Tollhaus
3	ein	Tintenfaß
3	ein	Thürnagel
3	ein	Text
3	ein	Terrain
3	ein	Tempel
3	ein	Taugenichts
3	ein	Tauchernest
3	ein	Tau
3	ein	Tal
3	ein	Tagebuch
3	ein	Säuglingsheim
3	ein	Säugling
3	ein	Sucher
3	ein	Suchender
3	ein	Ständchen
3	ein	Strumpfband
3	ein	Streiten
3	ein	Streich
3	ein	Strauß
3	ein	Stoß
3	ein	Storch
3	ein	Stoff
3	ein	Stock
3	ein	Sterblicher
3	ein	Steinbild
3	ein	Stab
3	ein	Staat
3	ein	Spukhaus
3	ein	Sprichwort
3	ein	Sonntag
3	ein	Siegel
3	ein	Setzen
3	ein	Selbst
3	ein	Seitengäßchen
3	ein	Sehr
3	ein	Seemann
3	ein	Seefahrer
3	ein	Sclave
3	ein	Schätzchen
3	ein	Schälchen
3	ein	Schwätzer
3	ein	Schwamm
3	ein	Schutzmann
3	ein	Schulmeister
3	ein	Schulknabe
3	ein	Schulkamerad
3	ein	Schuft
3	ein	Schreibheft
3	ein	Schneider
3	ein	Schlüssel
3	ein	Schleier
3	ein	Schlaf
3	ein	Schiffer
3	ein	Scherzwort
3	ein	Scherenfernrohr
3	ein	Schalk
3	ein	Schaden
3	ein	Sarg
3	ein	Samenkorn
3	ein	Same
3	ein	Saft
3	ein	Räthsel
3	ein	Rufen
3	ein	Rotkehlchen
3	ein	Rosenstock
3	ein	Rohr
3	ein	Rind
3	ein	Reicher
3	ein	Pulcinell
3	ein	Prozeß
3	ein	Problema
3	ein	Prisma
3	ein	Prickeln
3	ein	Prachtstück
3	ein	Prachtkerl
3	ein	Postulat
3	ein	Polizist
3	ein	Plätschern
3	ein	Pfeifchen
3	ein	Pfad
3	ein	Pastor
3	ein	Parlament
3	ein	Papst
3	ein	Panzerhemd
3	ein	Ochse
3	ein	Noumenon
3	ein	Notenblatt
3	ein	Noch
3	ein	Neuling
3	ein	Neuer
3	ein	Neubau
3	ein	Nebelbild
3	ein	Naturforscher
3	ein	Nachtquartier
3	ein	Nachklang
3	ein	Nacheinander
3	ein	Mißgriff
3	ein	Mittagsmahl
3	ein	Mitt
3	ein	Mitleid
3	ein	Missionar
3	ein	Mischgebilde
3	ein	Meter
3	ein	Meteor
3	ein	Meinen
3	ein	Maulwurf
3	ein	Material
3	ein	Manuskript
3	ein	Mantel
3	ein	Maniak
3	ein	Lдrm
3	ein	Lösegeld
3	ein	Lockvogel
3	ein	Leser
3	ein	Leopard
3	ein	Leichnam
3	ein	Lazarett
3	ein	Kunstgriff
3	ein	Kummer
3	ein	Kriegsgeheul
3	ein	Krieger
3	ein	Kriecher
3	ein	Kreisel
3	ein	Krebs
3	ein	Krankenhaus
3	ein	Kostüm
3	ein	Korn
3	ein	Konzert
3	ein	Konsul
3	ein	Komplex
3	ein	Knäuel
3	ein	Klotz
3	ein	Klirren
3	ein	Klavier
3	ein	Kindskopf
3	ein	Kindermensch
3	ein	Kein
3	ein	Keim
3	ein	Kanal
3	ein	Junggeselle
3	ein	Jetzt
3	ein	Indianer
3	ein	Idol
3	ein	Hüsteln
3	ein	Häschen
3	ein	Händler
3	ein	Hundsfott
3	ein	Hundeleben
3	ein	Huhn
3	ein	Hokuspokus
3	ein	Hohngelächter
3	ein	Hofrat
3	ein	Hochgefühl
3	ein	Hinweis
3	ein	Hin
3	ein	Himmelsweib
3	ein	Himmelreich
3	ein	Hilfsmittel
3	ein	Herkommen
3	ein	Helfer
3	ein	Haustor
3	ein	Hauptspaß
3	ein	Hanswurst
3	ein	Hammer
3	ein	Halt
3	ein	Halstuch
3	ein	Halbkreis
3	ein	Halber
3	ein	Gärtchen
3	ein	Gänseblümchen
3	ein	Gutsbesitzer
3	ein	Gruß
3	ein	Grinsen
3	ein	Grieche
3	ein	Grausen
3	ein	Grabstein
3	ein	Gottesdienst
3	ein	Glücksfall
3	ein	Glaube
3	ein	Gewölbe
3	ein	Gewissensbiss
3	ein	Gewinn
3	ein	Getränk
3	ein	Gesuch
3	ein	Gestirn
3	ein	Geschwür
3	ein	Gesangbuch
3	ein	Generalstäbler
3	ein	General
3	ein	Gemach
3	ein	Geistlicher
3	ein	Geheimniß
3	ein	Gegenteil
3	ein	Gegebenes
3	ein	Gefäss
3	ein	Gefängniss
3	ein	Gefolge
3	ein	Gedachtes
3	ein	Gebüsch
3	ein	Gebirg
3	ein	Gebildeter
3	ein	Gastmahl
3	ein	Füllen
3	ein	Fund
3	ein	Fuhrwerk
3	ein	Frösteln
3	ein	Frieden
3	ein	Franzose
3	ein	Franzos
3	ein	Fragment
3	ein	Flor
3	ein	Fischer
3	ein	Finger
3	ein	Filou
3	ein	Festtag
3	ein	Ferkel
3	ein	Fels
3	ein	Felleisen
3	ein	Fehlgriff
3	ein	Faulenzer
3	ein	Extrem
3	ein	Essen
3	ein	Erzieher
3	ein	Ertrinkender
3	ein	Erschrecken
3	ein	Erkenntnisvermögen
3	ein	Ereigniss
3	ein	Erbfürst
3	ein	Entzweites
3	ein	Entzweien
3	ein	Entweder
3	ein	Enkel
3	ein	Endlich
3	ein	Elend
3	ein	Elchstier
3	ein	Einzelnes
3	ein	Ehemann
3	ein	Egoist
3	ein	Effi
3	ein	Durst
3	ein	Dunst
3	ein	Dschesidi
3	ein	Dschemmel
3	ein	Drescher
3	ein	Drang
3	ein	Drache
3	ein	Dorn
3	ein	Dolch
3	ein	Dogma
3	ein	Dieser
3	ein	Dies
3	ein	Dienstmädchen
3	ein	Diebstahl
3	ein	Diamant
3	ein	Delyl
3	ein	Daus
3	ein	Damm
3	ein	Damenmann
3	ein	Couvert
3	ein	Christenkind
3	ein	Chemiker
3	ein	Chaos
3	ein	Butterbrot
3	ein	Buchfink
3	ein	Briefchen
3	ein	Brand
3	ein	Bienenschwarm
3	ein	Beziehen
3	ein	Beutelchen
3	ein	Bei
3	ein	Begräbnis
3	ein	Befehl
3	ein	Baumeister
3	ein	Bakschisch
3	ein	Ausländer
3	ein	Aug
3	ein	Aufheben
3	ein	Atmen
3	ein	Atelier
3	ein	Artilleriefeuer
3	ein	Armenier
3	ein	Aristokrat
3	ein	Argument
3	ein	Antlitz
3	ein	Ansehen
3	ein	Anschauen
3	ein	Angehöriger
3	ein	Anderswerden
3	ein	Anblick
3	ein	Alpdruck
3	ein	Alp
3	ein	Alle
3	ein	Aktus
3	ein	Adel
3	ein	Achtel
3	ein	Abfall
3	ein	Aar
3	ein	Aal
3	Ein	Zug
3	Ein	Ziel
3	Ein	Wintermärchen
3	Ein	Wagen
3	Ein	Vater
3	Ein	Unglück
3	Ein	Ungläubiger
3	Ein	Trupp
3	Ein	Thier
3	Ein	System
3	Ein	Stöhnen
3	Ein	Strumpfband
3	Ein	Strom
3	Ein	Splitter
3	Ein	Sohn
3	Ein	Seufzer
3	Ein	Schwert
3	Ein	Schritt
3	Ein	Schreiber
3	Ein	Schrei
3	Ein	Schrapnell
3	Ein	Schmuck
3	Ein	Schließer
3	Ein	Schatten
3	Ein	Räuber
3	Ein	Ritter
3	Ein	Nemtsche
3	Ein	Nemsi
3	Ein	Morgen
3	Ein	Knabe
3	Ein	Klosterbruder
3	Ein	Kapitel
3	Ein	Junge
3	Ein	Jude
3	Ein	Irrtum
3	Ein	Herz
3	Ein	Haufe
3	Ein	Hagestolz
3	Ein	Goldstück
3	Ein	Gewitter
3	Ein	Geschäft
3	Ein	Gelächter
3	Ein	Ganzes
3	Ein	Fichtenbaum
3	Ein	Feind
3	Ein	Dutzend
3	Ein	Druck
3	Ein	Drittel
3	Ein	Dichter
3	Ein	Bösewicht
3	Ein	Brief
3	Ein	Bote
3	Ein	Blitz
3	Ein	Beweis
3	Ein	Besuch
3	Ein	Berg
3	Ein	Beitrag
3	Ein	Bein
3	Ein	Baum
3	Ein	Anderer
3	Ein	Abgrund
